created_at,full_text,quote_count,reply_count,retweet_count,favorite_count,text_cleaned
Sun Jul 30 23:31:49 +0000 2023,@4evaway @banjarbase cocoki di shopee,0,1,0,1,
Sun Jul 30 23:30:22 +0000 2023,info trik cocoki hari ini,0,1,0,1,informasi trik
Sun Jul 30 23:29:40 +0000 2023,main shopee cocoki sampai kebawa mimpi kalau w menangğŸ˜­ğŸ‘,0,1,0,0,main terbawa mimpi menang
Sun Jul 30 23:28:59 +0000 2023,pagi yang diawali main cocoki ğŸ˜‚,0,1,0,2,pagi diawali main
Sun Jul 30 23:26:22 +0000 2023,@discountfess kalo cocoki hari ini polanya gimana gaes,0,0,0,0,polanya guys
Sun Jul 30 23:24:40 +0000 2023,sarapan dengan shopee cocoki https://t.co/gnyW1uByb8,0,0,0,0,sarapan
Sun Jul 30 23:22:14 +0000 2023,nambah massa otot tai kucing malah maen syopi cocoki teros â˜ï¸ğŸ˜”,0,0,0,1,bertambah otot tahi kucing main teros
Sun Jul 30 23:21:53 +0000 2023,ya allah mual banget pagi2 main shoppee cocoki https://t.co/lSB8ysFr5N,0,0,0,0,mual pagi main shoppee
Sun Jul 30 23:20:26 +0000 2023,"Seventeen's reaction kalau dicuekin atau dimarahin pacarnya yang sibuk main cocoki, pasti Seungcheol tipe yang langsung transfer duit 1 juta, udah kamu gak usah main game gak jelas itu 100 hari, ini kuganti"". Sedangkan Jeonghan malah sombong karena 5 menit udah kelar. ğŸ¥²""",0,0,0,0,seventeen reaction dicuekin dimarahi pacarnya sibuk main seungcheol tipe langsung transfer duit juta main permainan kuganti jeonghan sombong menit kelar
Sun Jul 30 23:16:39 +0000 2023,@tersangcute belajar bersabar bersama cocoki,0,0,0,0,belajar bersabar
Sun Jul 30 23:16:36 +0000 2023,@jungaheon @discountfess Bermain cocoki,0,0,0,0,bermain
Sun Jul 30 23:14:06 +0000 2023,setelah org stres grgr ml ditambah skrg pd stres grgr cocokiğŸ˜ª,0,1,0,0,orang stres gara-gara ml ditambah stres gara-gara
Sun Jul 30 23:13:12 +0000 2023,"Ayo kita main cocoki guys, bismillah ayo menang dong sekali kaliğŸ˜‹",0,0,0,0,ayo main teman-teman bismillah ayo menang
Sun Jul 30 23:06:59 +0000 2023,rahasia cocoki level 3: emg gk bisa diselesaikan https://t.co/ok7nc2Cdvz,0,0,0,0,rahasia level diselesaikan
Sun Jul 30 23:06:57 +0000 2023,"Plisss siramin, nnti balik siram kokk Siram Teman sekarang Air-nya 3X Lipat! Klik di sini, ya &gt &gt  https://t.co/7b78PslZRz  Shopee cocoki siram tanam rocky gerung",0,1,0,0,siramkan siram kokk siram teman air lipat klik siram tanam rocky gerung
Sun Jul 30 23:05:33 +0000 2023,cpk bgt main cocoki blm menang2 ampe kebawa mimpi ğŸ˜­,2,0,0,0,cpk main menang terbawa mimpi
Sun Jul 30 23:03:37 +0000 2023,"@wiinnthepooh @tanyakanrl betul , pgn main shopee cocoki harus dr link temanğŸ˜­ğŸ˜­ğŸ¤£",0,0,0,0,main link teman
Sun Jul 30 23:02:50 +0000 2023,"@Exhausted022 @discountfess dari base ini kak, tebak2 gambar itu. nanti bakalan di share info kodenya, bukan dari game kak. kalo game mungkin cocoki yang kakak maksud hehe",0,1,0,0,base tebak gambar share informasi kodenya permainan permainan kakak maksud he
Sun Jul 30 22:59:13 +0000 2023,"@Ilyhoonie1 @asvfles @discountfess iya kak, harus tau pola nya dulu dan bantuan itu di pake di akhir2 banget  aku main nya dog go sblm ada cocoki, literally bikin nangis krn emosi dan blm tau trik nya, kalo uda tau dan menang, stage yg lain jg ga seberapa sulit krn sama trik nya",0,1,0,0,pola bantuan pakai main dog go literally menangis emosi trik menang stage sulit trik
Sun Jul 30 22:51:14 +0000 2023,ntar di kereta mw main sopi cocoki aja deh,0,0,0,0,entar kereta main
Sun Jul 30 22:50:42 +0000 2023,@nttwiin emang cocoki agak asu dikitğŸ¤©ğŸ¤©,0,0,0,0,asu dikit
Sun Jul 30 22:48:11 +0000 2023,normal ga si bangun tidur langsung kepikiran main cocoki,0,0,0,0,normal bangun tidur langsung terpikirkan main
Sun Jul 30 22:42:46 +0000 2023,"@discountfess punya aku pernah segini, tpi bukan krna main cocoki itu https://t.co/2CWbmJWJN9""",2,10,0,9,main
Sun Jul 30 22:41:18 +0000 2023,YA ALLAH SUMPAH GEGARA KESEL COCOKI SAMPE MIMPI PUN MAIN COCOKI COI BEDANYA DI RL KALAH KALO DIMIMPI MENANGGğŸ˜­ğŸ˜­ğŸ˜­,0,0,0,0,gara-gara kesal mimpi main coi bedanya real life kalah dimimpi menangg
Sun Jul 30 22:39:55 +0000 2023,Maen cocoki dari kemaren gapernah menang weii https://t.co/phtMi9eu9h,0,0,0,0,main kemarin menang weii
Sun Jul 30 22:35:16 +0000 2023,frustrasi bgt main shopee cocoki,0,0,0,0,frustrasi main
Sun Jul 30 22:34:12 +0000 2023,gw mau main cocoki lagi wml ga stress,0,0,0,0,main wml stre
Sun Jul 30 22:33:53 +0000 2023,TUTOR MAIN COCOKI BIAR MENANGG GIMANAAAA,0,0,0,0,tutor main menangg
Sun Jul 30 22:32:01 +0000 2023,@wuhankontoI makasih syopi cocoki ğŸ˜‹ https://t.co/OyI53r1ILA,0,1,0,0,terima kasih
Sun Jul 30 22:30:28 +0000 2023,@ahdiww Seminggu main shopee cocoki gk pernah bisa menang ğŸ˜­,0,0,0,0,seminggu main menang
Sun Jul 30 22:26:59 +0000 2023,"shopee cocoki sialan bikin gua penasaran aja, sampe lupa tidur bjir",0,0,0,0,sialan penasaran lupa tidur bjir
Sun Jul 30 22:22:20 +0000 2023,"Info dong, shopee cocoki hari ini yg mana yg dikerjain duluan.? Please bantu jawab yg uda menang",0,0,0,0,informasi dikerjain duluan bantu menang
Sun Jul 30 22:21:24 +0000 2023,muak ak sm shopee cocoki,0,0,0,0,muak
Sun Jul 30 22:16:28 +0000 2023,"liat tips &amp  trick shopee cocoki dari hari pertama juga ttp ga pernah menang.. tau polanya kayak apa, tau harus dimainin kayak apa, tetep ajeeee kagak menang (â â•¯â à²°â Â â ~â Â â à²°â )â â•¯â ï¸µâ Â â â”»â â”â â”»",0,0,1,1,lihat tips amp trick menang polanya dimainin menang
Sun Jul 30 20:28:04 +0000 2023,dari sejam yang lalu dah merem tp kepikiran cocoki akhirnya bangun lagi https://t.co/8KS3VdQLom,0,2,0,0,sejam merem terpikirkan bangun
Sun Jul 30 20:18:09 +0000 2023,@discountfess emng bnr bnr ya dibikin emosi dlu mau namatin cocoki doang https://t.co/DM5TNZSLCq,0,0,0,0,dibikin emosi namatin
Sun Jul 30 20:11:56 +0000 2023,@sensuous__ Main cocoki,0,1,0,0,main
Sun Jul 30 20:06:07 +0000 2023,"Banyak hal ko, aku cukup gampang seneng dan bahagia. Aku bisa menang shopee cocoki aja pasti aku bahagia, sayangnya sampai skrg belum pernah menang",0,0,0,0,gampang senang bahagia menang bahagia sayangnya menang
Sun Jul 30 20:03:56 +0000 2023,@discountfess Emang shopee cocoki udah ada 9 hari ya? Wkwkwk selamat sender.. btw ayo ajarin aku suhuğŸ˜­ aku baru 2 kali,0,2,0,0,wkwkwk selamat sender ngomong-ngomong ayo ajarkan suhu
Sun Jul 30 20:01:33 +0000 2023,game shopee cocoki biki emosi bgt Allahuakbar ğŸ˜­,0,0,0,0,permainan biki emosi allahuakbar
Sun Jul 30 19:55:13 +0000 2023,Cocoki ini apa ya,0,0,0,0,
Sun Jul 30 19:54:37 +0000 2023,@f4rels Gua kira Cocoki game Plato..,0,1,0,0,permainan plato
Sun Jul 30 19:51:45 +0000 2023,"Cocoki terossss, drakornya kapan",0,0,0,0,teros drakornya
Sun Jul 30 19:48:11 +0000 2023,fak yu cocoki https://t.co/7W6zir01fo,0,0,0,1,fak yuk
Sun Jul 30 19:47:38 +0000 2023,PENGEN MAIN COCOKI TP GAK ADAAA HHHHH,0,0,0,0,main
Sun Jul 30 19:46:10 +0000 2023,@TEHSISRl masa kalah sama game cocoki,0,0,0,0,kalah permainan
Sun Jul 30 19:42:08 +0000 2023,anjiang ang shopee cocoki,0,0,0,0,anjiang ang
Sun Jul 30 19:41:36 +0000 2023,hhhh emosi bgt cocoki hari ini susah polll,0,1,0,0,emosi susah pol
Sun Jul 30 19:40:41 +0000 2023,main sopi cocoki adalah stress yg disengaja,0,0,0,0,main stre disengaja
Sun Jul 30 19:36:01 +0000 2023,otak ku panas gara shopee cocoki,0,0,0,0,otak panas gara
Sun Jul 30 19:34:53 +0000 2023,dari jam 1 main ini sampe stengah 4 nd pernah menang bajingan cocoki bgst https://t.co/hF9ydcVKpw,0,0,0,2,jam main stengah indak menang bajingan bangsat
Sun Jul 30 19:31:38 +0000 2023,sinting ak main cocoki,0,4,0,16,sinting main
Sun Jul 30 19:28:40 +0000 2023,Cocoki bgst ga menang menangğŸ¥´,0,0,0,0,bangsat menang menang
Sun Jul 30 19:28:35 +0000 2023,"HOW TO CARANYA TAMATIN COCOKI, UDAH SERIBU CARA GUE LAKUKAN, UDAH LIAT TIPS N TRICK NYA JG TP TETEP AJA ???!!!",0,0,0,1,how tamatin seribu lakukan lihat tips trick
Sun Jul 30 19:27:45 +0000 2023,COCOKI JANCOKKKKK,0,0,0,0,
Sun Jul 30 19:26:53 +0000 2023,"anjg lah gue begadang cm buat tamatin cocoki doang, apakah tamat ? ngga",0,1,0,0,anjing begadang tamatin tamat
Sun Jul 30 19:23:42 +0000 2023,cocoki stands for cOOOK JANCOK IKI,0,0,0,0,stands cok iki
Sun Jul 30 19:23:11 +0000 2023,AKU MUAK BGT DENGAK COCOKI TAPI APAKAH AKU AKAN BERHENTI? tentu sjaa TIDAK,0,1,0,0,muak dengak berhenti sjaa
Sun Jul 30 19:22:27 +0000 2023,cocoki hari ini https://t.co/FY6Z9dIpn7,0,2,0,0,
Sun Jul 30 19:22:03 +0000 2023,siapa yang main cocoki berhari hari belom menang sama sekali cung sini ğŸ˜­â˜ğŸ»,0,0,1,0,main berhari menang cung
Sun Jul 30 19:16:37 +0000 2023,jgn main cocoki ntr kecanduanğŸ™ğŸ»,0,0,0,0,main entar kecanduan
Sun Jul 30 19:15:35 +0000 2023,"gara gara cocoki ku guring diatas jam 2 trs, cka pang menang ni kd haur kalah trsğŸ˜‡",0,0,0,0,gara gara guring diatas jam cka pang menang kd haur kalah
Sun Jul 30 19:11:28 +0000 2023,"lu menang cocoki, you won at lifeğŸ˜­ğŸ™",0,0,0,0,menang you won at life
Sun Jul 30 19:10:53 +0000 2023,"cocoki sebelum tidur, 31 juli ğŸ˜‚ https://t.co/jANh23P1Cg",0,2,0,0,tidur juli
Sun Jul 30 19:08:52 +0000 2023,@flyvawayk Di shopi games kak namanya cocoki wkwk,0,0,0,0,games namanya
Sun Jul 30 19:08:03 +0000 2023,tumben menang cocoki di 400an ğŸ˜­ğŸ¤ biasanya udh 1000 lebih https://t.co/UsnnApJ9b6,0,0,0,0,tumben menang an
Sun Jul 30 19:05:36 +0000 2023,Bisa gila main sopi cocoki,0,0,0,0,gila main
Sun Jul 30 19:03:56 +0000 2023,UDH JAM 2 AJA GW MAIN COCOKI,0,0,0,0,jam main
Sun Jul 30 19:03:50 +0000 2023,Cocoki kupretttt,0,0,0,0,kupret
Sun Jul 30 19:01:48 +0000 2023,shopee cocoki asuk lah siapa yang buka joki tamatin cocoki ?,0,0,0,0,asuk buka joki tamatin
Sun Jul 30 19:00:52 +0000 2023,gw kesel bgt taiiiii shopee cocoki lv 3 kayak ashuuu. tenang gw siap bertempur,0,0,0,0,kesal tahi lv ashu tenang bertempur
Sun Jul 30 18:58:36 +0000 2023,kpn yh ak menamatkan cocoki jancok ini,0,0,0,0,menamatkan
Sun Jul 30 18:55:30 +0000 2023,CAN SOMEONE STOP ME FROM MAIN SHOPEE COCOKI KARNA GA MENANG MENANG ANJEENGGG BSK MAU KERJA ğŸ˜«ğŸ¤¡ KESHALL,0,0,0,0,someone stop me main menang menang anjeeng kerja keshall
Sun Jul 30 18:54:30 +0000 2023,GUE MUAK MAIN COCOKI JAM SEGINI,0,0,0,0,muak main jam
Sun Jul 30 18:53:57 +0000 2023,cocoki monyettttt,0,0,0,0,monyet
Sun Jul 30 18:53:36 +0000 2023,@discountfess Ini apaan cocoki,0,0,0,0,
Sun Jul 30 18:52:19 +0000 2023,gue cpek bgt main shopi cocoki,0,0,0,0,cpek main
Sun Jul 30 18:51:41 +0000 2023,sementara tak main shopee cocoki sek,0,3,0,7,main sek
Sun Jul 30 18:49:51 +0000 2023,gw hrus stop main sopi cocoki karna ini game beneran bikin stress anjir,0,0,0,0,stop main permainan stre
Sun Jul 30 18:49:44 +0000 2023,GW UDH ENEG ANJGG MAIN SHOPEE COCOKI,0,1,0,0,eneg anjgg main
Sun Jul 30 18:48:25 +0000 2023,udah 351 org yg menang cocoki ko bisa sii? aku drtd ga menang menang bngkeğŸ˜¡,0,0,0,0,orang menang menang menang bngke
Sun Jul 30 18:47:56 +0000 2023,@curatedbyraisa main cocoki rai,0,1,0,0,main rai
Sun Jul 30 18:46:28 +0000 2023,@tanyakanrl mo menangin cocoki ga menang menang asu,0,0,0,0,menangin menang menang asu
Sun Jul 30 18:46:17 +0000 2023,Shopee cocoki ğŸ’©ğŸ¤¬ Memng paling bener kita tidur dari pada main ga menang2ğŸ˜¤,0,1,0,5,memng tidur main menang
Sun Jul 30 18:43:51 +0000 2023,sush bgt si main cocoki disopi:(,0,0,0,1,sush main disopi
Sun Jul 30 18:40:14 +0000 2023,irsan nyambi maen shopee cocoki ğŸ˜‹ğŸ‘‰ğŸ¼ğŸ‘ˆğŸ¼,0,0,0,0,irsan nyambi main
Sun Jul 30 18:39:51 +0000 2023,"mau marah sama shopee cocoki, susah bgt bjir https://t.co/Y9oFo0MFDk",0,1,0,2,marah susah bjir
Sun Jul 30 18:39:15 +0000 2023,gue tandain lu cocoki https://t.co/PfMh4UuIob,0,2,0,0,tandain
Sun Jul 30 18:38:53 +0000 2023,DARITADI MAIN SHOPEE COCOKI GA MENANG MENANG AAAAA KESEL BANGETTTTT,0,0,0,0,daritadi main menang menang kesal
Sun Jul 30 18:38:42 +0000 2023,oh skrg main cocoki @ice_creamies https://t.co/HRslcpSplI,0,1,0,0,main
Sun Jul 30 18:37:58 +0000 2023,Jam segini udah ada yang share tips shopee cocoki hari ini belum sih wkwkk aku gabuttt,0,0,0,1,jam share tips wkwkk bosan
Sun Jul 30 18:36:20 +0000 2023,@tanyakanrl ABIS MAIN SHOPEE COCOKI,0,0,0,0,main
Sun Jul 30 18:35:58 +0000 2023,@dokyt__t lg main cocoki haha,0,1,0,0,main tertawa
Sun Jul 30 18:35:43 +0000 2023,"main cocoki sekali nyoba dah mau berhasil eh tangan malah kepleset salah pencet, alhasil gameover wkwk",0,1,0,0,main mencoba berhasil tangan kepleset salah pencet alhasil gameover
Sun Jul 30 18:34:41 +0000 2023,Akal akalan siapa sih yg bikin game cocoki?????,0,0,0,0,akal akalan permainan
Sun Jul 30 18:33:06 +0000 2023,gue stres bgt main cocoki yaallah gua ga peduli sama tu hadiah koinnya GUA CUMA MAU MENANG PLS,0,0,0,0,stres main peduli hadiah koinnya menang
Sun Jul 30 18:32:49 +0000 2023,Aku mending tidur apa main shopee cocoki y,0,0,0,0,tidur main
Sun Jul 30 18:32:04 +0000 2023,COCOKI TAIIII,0,1,0,0,tahi
Sun Jul 30 18:32:00 +0000 2023,@tanyakanrl IYA ASLII. Ganti nama aja jangan cocoki jadi DJANCOK KI https://t.co/oq7QvcuQhJ,0,0,0,1,aslii ganti nama djancok ki
Sun Jul 30 18:31:02 +0000 2023,Gua masih mencoba main si cocoki anjj,0,0,0,0,mencoba main anjj
Sun Jul 30 18:25:30 +0000 2023,Habis main shopee cocoki sampe sakit kepala,0,3,0,0,main sakit kepala
Sun Jul 30 18:21:31 +0000 2023,recap kemenangan cocoki https://t.co/2hHBR4rNK6,0,1,0,1,recap kemenangan
Sun Jul 30 18:21:31 +0000 2023,udah semingguan ini kesibukannya hanya main cocoki yang masih di level 3,0,0,0,1,semingguan kesibukannya main level
Sun Jul 30 18:19:27 +0000 2023,keknya sendernya jg abis main cocoki ga menang2,0,0,0,0,kayaknya sendernya main menang
Sun Jul 30 18:12:54 +0000 2023,shopee cocoki mainnya gmn anjer,0,1,0,0,mainnya anjer
Sun Jul 30 18:11:33 +0000 2023,Wonu gamau main shopee cocoki kah?,0,0,0,0,wonu main
Sun Jul 30 18:09:05 +0000 2023,"@cadgeiver kemarin kemarin sibuk bneran, sekarang sibuk main shopee cocoki",0,1,0,0,kemarin kemarin sibuk sibuk main
Sun Jul 30 18:07:27 +0000 2023,Main dari jam 7 malem sampe tiba tiba ganti format kaga bisa menang menang ini cocoki https://t.co/QEtl3jYhmJ,0,0,0,0,main jam malam ganti format kagak menang menang
Sun Jul 30 18:07:04 +0000 2023,Siklus hidup : Bangun tidur - shopee cocoki 2837483738 kali - Tidur lagi,0,0,1,2,siklus hidup bangun tidur tidur
Sun Jul 30 18:06:41 +0000 2023,ancuk frustasi maen shopee cocoki,0,0,0,0,ancuk frustasi main
Sun Jul 30 18:06:32 +0000 2023,@connectwithjake Cocoki ada di shopee game,0,0,0,0,permainan
Sun Jul 30 18:05:11 +0000 2023,cocoki shopee bikin tambah stres anjingggg https://t.co/CPn9tNvike,0,2,0,0,stres anjing
Sun Jul 30 18:02:46 +0000 2023,COCOKI BANGSATTTTT,0,0,0,0,bangsat
Sun Jul 30 17:56:12 +0000 2023,"dari sopi cocoki gue tau ga cuma emosi gue yang tinggi, tapi rasa penasaran gue juga tinggiğŸ˜ƒ",0,1,0,0,emosi penasaran
Sun Jul 30 17:55:42 +0000 2023,@Alhiaitham Cocoki date with kalatian,0,0,0,0,date with kalatian
Sun Jul 30 17:54:11 +0000 2023,@kshahrewarm Stress karena banyak pikiran âŒ Stress karena main cocoki âœ…,0,1,1,0,stre pikiran stre main
Sun Jul 30 17:54:01 +0000 2023,cocoki azuuuu tinggal segini pun kalah co https://t.co/fR25ODHSVN,0,0,0,0,azu tinggal kalah cowok
Sun Jul 30 17:53:58 +0000 2023,@Blessingisdisg1 Siaapp semangat menaklukkan cocoki yaâœŠ,0,1,0,1,siaapp semangat menaklukkan
Sun Jul 30 17:53:19 +0000 2023,Dua duanya main Cocoki jam segini https://t.co/SLF5mDyp0L,0,1,0,0,duanya main jam
Sun Jul 30 17:53:05 +0000 2023,main cocoki kali ğŸ˜”,0,0,0,0,main
Sun Jul 30 17:50:23 +0000 2023,cocoki bagian tengah ini sedalam cintaku padamu. alias jueru poolll,0,0,0,0,sedalam cintaku padamu jueru pool
Sun Jul 30 17:49:54 +0000 2023,Bodoamat aing akan apdet cocoki terusğŸ˜”ğŸ¤Ÿ (kalo menang) https://t.co/F7amQkLHzB,1,1,0,0,bodoamat apdet menang
Sun Jul 30 17:49:52 +0000 2023,WANT TO PAMER ğŸ˜­ğŸ˜­ sopi tanamku langsung dapet 10kğŸ˜­ğŸ«¶ğŸ» Alhamdulillah ga menang cocoki tp dapet iniğŸ˜­ğŸ˜­ https://t.co/YoLu4SCMPl,0,1,0,1,want pamer tanamku langsung alhamdulillah menang
Sun Jul 30 17:49:00 +0000 2023,@E4rthSea Cocoki yg level 3 bukan kakk?,0,1,0,0,level
Sun Jul 30 17:48:47 +0000 2023,shopee cocoki tuh gmnsi cara menanginnya :(,0,0,0,0,gmnsi menanginnya
Sun Jul 30 17:48:28 +0000 2023,Dikira tidur taunya main shopee cocoki si bangkeee emangğŸ˜­ğŸ‘ https://t.co/3GQCC8slf8,0,0,0,0,tidur taunya main bangkai
Sun Jul 30 17:47:57 +0000 2023,cocoki hari ini gampang bgtğŸ«¶ğŸ» enak nih open joki cocoki hari ini wkwk https://t.co/StW1CDOypi,0,4,0,0,gampang enak open joki
Sun Jul 30 17:47:29 +0000 2023,@discountfess Trik main cocoki plis,0,0,0,0,trik main
Sun Jul 30 17:44:19 +0000 2023,sopi cocoki maju lo siniii gue masih belum nyeraaah,0,0,0,1,maju nyerah
Sun Jul 30 17:41:08 +0000 2023,setengah jam main cocoki saya pamit turu nyerah deh lanjut besok,0,0,0,0,jam main pamit turu nyerah
Sun Jul 30 17:39:55 +0000 2023,Pamer menang shopee cocoki part 12. Udah cumlaude ya berarti gue ğŸ‘©â€ğŸ“ @siigantenng https://t.co/TkGXlVJQcU,1,3,0,1,pamer menang cumlaude
Sun Jul 30 17:39:31 +0000 2023,"nyesel nyobain main cocoki, jam set 1 stress sendiri",0,0,0,0,menyesal mencoba main jam set stre
Sun Jul 30 17:37:58 +0000 2023,(ficc) ka sini deh aku tutorin shopee cocoki sampe menang tiap hari jadi ntar updatenya juga tiap hari hihiğŸ¤­ â€” wah ini ada maksud terselubung yha warga https://t.co/jwxZwCaqZ6,0,0,0,0,ficc tutorin menang entar updatenya hihi maksud terselubung warga
Sun Jul 30 17:37:55 +0000 2023,Yg cocoki hari ini lumayan susah yağŸ¥²,0,0,0,0,lumayan susah
Sun Jul 30 17:36:56 +0000 2023,"APAAN ITU COCOKI, GUE GAK AKAN MAIN COCOKI GAJELAS LAGI",0,1,0,0,main
Sun Jul 30 17:36:37 +0000 2023,Sudah bisa tidur nyenyak karena berhasil menang Cocoki ğŸ™ğŸ˜š,0,0,0,0,tidur nyenyak berhasil menang
Sun Jul 30 17:34:52 +0000 2023,JANGN MAIN SHOPEE COCOKI! https://t.co/e7FbZOSlUV,0,0,0,0,jangn main
Sun Jul 30 17:34:18 +0000 2023,"Idup udah puyeng,ga usah deh lu tambah2in sama cocoki.~ ğŸ¤£",0,0,0,0,hidup pusing tambahkan
Sun Jul 30 17:32:47 +0000 2023,"Sorry kali ini gue lbih milih cocoki, sp suruh lu g bales cht gue dr sianggg https://t.co/Wf9qUvLX8r",0,0,0,0,maaf memilih suruh balas cht siang
Sun Jul 30 17:32:31 +0000 2023,Game cocoki ini game dajjal alias susah banget mo menang,0,0,0,0,permainan permainan dajjal susah menang
Sun Jul 30 17:31:42 +0000 2023,di ak kok ga ada shopee cocoki anjrit,0,3,0,0,anjing
Sun Jul 30 17:31:33 +0000 2023,buka lagi shopee lu udah daily reset pattern cocoki,0,0,0,0,buka daily reset pattern
Sun Jul 30 17:31:17 +0000 2023,@leeknowjatim Km main cocoki aj,0,1,0,0,main
Sun Jul 30 17:30:20 +0000 2023,game cocoki senagih ini anying ternyata wkwk,0,0,0,0,permainan senagih anying
Sun Jul 30 17:30:20 +0000 2023,tutorial stres adalah dengan main cocoki,0,0,0,0,tutorial stres main
Sun Jul 30 17:29:58 +0000 2023,@discountfess sumpah gue geretan bgt sama ni cocoki juancokkkk,0,0,0,0,geretan juancok
Sun Jul 30 17:29:05 +0000 2023,UDH GW LAP NI AIR MATA PERKARA COCOKI.,1,0,0,0,lap air mata perkara
Sun Jul 30 17:28:08 +0000 2023,Gue main shopee cocoki ga menang-menang. Shopee lu mencurangi gue ya https://t.co/PtT2u29wQU,0,0,0,0,main menang menang mencurangi
Sun Jul 30 17:27:54 +0000 2023,yang buat shopee cocoki semoga harimu senin trs anjg,0,0,0,0,semoga harimu senin anjing
Sun Jul 30 17:27:11 +0000 2023,"@rahmdess27 Abis main cocoki kga menang mau tidur eh bestie nge live wkwk""",0,0,0,1,main kga menang tidur bestie nge live
Sun Jul 30 17:25:39 +0000 2023,"kayaknya hr ini cocoki agak gampang, bismillah dah",0,0,0,0,gampang bismillah
Sun Jul 30 17:25:33 +0000 2023,@eajforyou Dah sampai mana cocoki nya,0,1,0,0,
Sun Jul 30 17:25:27 +0000 2023,Shopee cocoki mending ganti nama jadi shopee cok asu susah bener anjing,0,1,0,0,ganti nama cok asu susah anjing
Sun Jul 30 17:25:13 +0000 2023,@rahmdess27 Lagi main cocokiğŸ˜­,0,0,0,0,main
Sun Jul 30 17:24:53 +0000 2023,gabisa bobo karena penasaran mulu sama game cocoki!!!,0,0,0,0,tidur penasaran permainan
Sun Jul 30 17:24:31 +0000 2023,Skill main cocoki dan menang tiap hari bisa dimasukin ke cv ga sii ğŸ˜”ğŸ¤Œ https://t.co/Ix16N8sj16,0,8,1,3,skill main menang dimasuki cv
Sun Jul 30 17:23:18 +0000 2023,ga ada gw temen nangisin cocoki lu ilamg satu,1,0,0,0,teman nangisin ilamg
Sun Jul 30 17:21:56 +0000 2023,sedang menunggu tips n trik cocoki https://t.co/FbMJrWF6qj,0,1,1,3,menunggu tips trik
Sun Jul 30 17:21:47 +0000 2023,gua muak sama cocoki anjingggg,0,1,0,0,muak anjing
Sun Jul 30 17:21:21 +0000 2023,Shopi cocoki stress anjinggggg,0,0,0,0,stre anjing
Sun Jul 30 17:21:12 +0000 2023,CocokiğŸ¤¯ğŸ¤¯,0,0,0,0,
Sun Jul 30 17:20:40 +0000 2023,"Hari hari sampe mata sepet pagi,siang, sore, malem gara2 shopee cocoki yg ga menang menangğŸ˜¡ğŸ˜­ğŸ˜«ğŸ¤¯ğŸ‘Š",0,0,0,1,mata sepet pagi siang sore malam gara menang menang
Sun Jul 30 17:20:19 +0000 2023,KDHAKSNQLSBSHS  BODOH BGT SLM INI AK SHARE BANTUAN BUAT SHOPEE COCOKI KE DOSEN AKU GBLKKKKKKKKKK ğŸ˜­ğŸ˜­ğŸ˜­ğŸ˜­ğŸ˜­ğŸ˜­ğŸ˜­ğŸ˜­ğŸ˜­ğŸ˜­ğŸ˜­ğŸ˜­ğŸ˜­ğŸ˜­ğŸ˜­ğŸ˜­ğŸ˜­ğŸ˜­,0,1,0,0,kdhaksnqlsbshs bodoh salam share bantuan dosen bodoh
Sun Jul 30 17:19:32 +0000 2023,@kvidult Jadi budak cocoki,0,0,0,0,budak
Sun Jul 30 17:19:29 +0000 2023,Mo main sopi cocoki tp takut gabisa brenti,0,0,0,0,main takut brenti
Sun Jul 30 17:18:05 +0000 2023,Haha saatnya main cocoki,0,1,0,0,tertawa main
Sun Jul 30 17:17:04 +0000 2023,@NowYourMine66 Abis main cocoki.. wkwkwkwk,0,1,0,0,main wkwkwkwk
Sun Jul 30 17:16:56 +0000 2023,kecanduan dolanan cocoki reti2 ws jam12 @bilaztine :'),0,1,0,0,kecanduan dolanan reti ws jam
Sun Jul 30 17:16:48 +0000 2023,Tumben hari ini cocoki gampang bat dah,0,0,0,0,tumben gampang
Sun Jul 30 17:15:57 +0000 2023,waktunya main cocoki,0,1,0,1,main
Sun Jul 30 17:15:47 +0000 2023,cocoki ajg bgt dah,0,0,0,0,anjing
Sun Jul 30 17:15:26 +0000 2023,emang shopee cocoki ni anjeng kali lah ğŸ˜­,0,0,0,0,anjeng
Sun Jul 30 17:14:53 +0000 2023,coba lu smua skrng cobain cocoki hari ini ajg makin gajelas,0,0,0,0,coba coba anjing
Sun Jul 30 17:14:02 +0000 2023,Main cocoki tuh nggak mikirin koin 10k-nya tapi maunya tuh MENANG,0,0,0,0,main memikirkan koin maunya menang
Sun Jul 30 17:13:51 +0000 2023,@discountfess buka joki cocoki kah?,0,0,0,0,buka joki
Sun Jul 30 17:13:39 +0000 2023,main cocoki ga bisa bisa sampe ke bawa mimpi ğŸ˜­,0,1,0,0,main bawa mimpi
Sun Jul 30 17:13:15 +0000 2023,Yg bikin Shopee cocoki tu punya masalah hidup apa yaa susah bnr anjeng,0,0,0,0,hidup susah anjeng
Sun Jul 30 17:13:05 +0000 2023,@kaptenAmercia curiga yg pamer2 ss udah menang tu buzzer shopee cocoki biar player termotivasi ğŸ˜­,0,2,0,0,curiga pamer menang buzzer player termotivasi
Sun Jul 30 17:12:16 +0000 2023,wkwkkw kos samping gw maen cocoki jam seginiğŸ˜­,0,0,0,0,tertawa kos samping main jam
Sun Jul 30 17:11:20 +0000 2023,"info palung cocoki hari ini, tolong dong aku belum menang dari kemarinğŸ˜”ğŸ˜” https://t.co/ZBzqp9kfUy",0,0,1,0,informasi palung menang kemarin
Sun Jul 30 17:10:59 +0000 2023,w nyerah main shopee cocoki,0,0,0,0,nyerah main
Sun Jul 30 17:10:32 +0000 2023,mual aku main shopee cocoki,0,0,0,1,mual main
Sun Jul 30 17:10:23 +0000 2023,@abcdfuckyoo sesama korban shopee cocoki harus saling membantuuuğŸ¥¹,0,1,0,0,korban membantu
Sun Jul 30 17:08:21 +0000 2023,aku suka main cocoki karena KAPAN LAGI AKU MAIN GAME TAPI DIKASI WANG?????? wkwkwkwkwk biasanya main candy crush soda aku yg bayar ğŸ˜­,0,0,0,0,suka main main permainan dikasi wang wkwkwkwkwk main candy crush soda bayar
Sun Jul 30 17:06:55 +0000 2023,Main cocoki di temenin jungkookğŸ«¡ https://t.co/0CJYwASwVS,0,0,0,0,main temenin jungkook
Sun Jul 30 17:06:30 +0000 2023,sumpah gue stres bgt main shopee cocokiğŸ˜­ tiap hari di base pada bilang 'yg hari ini lebih gampang' tapi tetep aja gue gabisaaağŸ˜­ğŸ˜­ğŸ˜­,0,0,1,0,stres main base bilang gampang
Sun Jul 30 17:06:10 +0000 2023,Kesel main cocoki gak menang2,0,0,0,0,kesal main menang
Sun Jul 30 17:05:44 +0000 2023,"hidup gw makin stres ajg pas main shopee cocoki, game kontol",0,1,0,0,hidup stres anjing main permainan kontol
Sun Jul 30 17:04:05 +0000 2023,weekend bersenang senang âŒ weekend stres main cocoki âœ…,0,0,0,0,weekend bersenang senang weekend stres main
Sun Jul 30 17:03:51 +0000 2023,@clowningself TAI BGT DAH DEMI ALLAH KALO GW BISA BOTAK SECARA KONYOL GW BOTAK KARENA COCOKI,0,1,0,0,tahi botak konyol botak
Sun Jul 30 17:02:03 +0000 2023,Saking kangennya gw liat sofa di game cocoki malah inget sofa ini,0,0,0,0,saking kangennya lihat sofa permainan sofa
Sun Jul 30 17:01:58 +0000 2023,"@discountfess Pengen nyerah tapi penasaran, pengen menangin nih cocoki sekali aja, gregettt bjirrr",0,0,0,0,nyerah penasaran menangin greget bjir
Sun Jul 30 17:01:47 +0000 2023,Hari ini sibuk sampe gak main sopi cocoki ğŸ˜Œ,0,0,0,0,sibuk main
Sun Jul 30 17:01:24 +0000 2023,"yang bisa menang main shopee cocoki gimana sih, i fight for nothing banget anjir masak udah 4 jam kagak lulus lulus level 3",0,0,0,0,menang main fight nothing masak jam lulus lulus level
Sun Jul 30 17:00:51 +0000 2023,info joki shopee cocokiğŸ˜«ğŸ˜”,0,1,0,1,informasi joki
Sun Jul 30 17:00:36 +0000 2023,"@convomf gengsi sama shopee, masa iya aku gaisa menangin cocoki sampe sekarangggg!!!!",0,0,0,1,gengsi gaisa menangin
Sun Jul 30 17:00:35 +0000 2023,Ekspresi ku saat bermain cocoki seperti kucing garong doun ğŸ¥² meowrahhh ğŸ˜¾ https://t.co/sVnf6fWGWW,0,0,0,0,ekspresi bermain kucing garong doun meowrah
Sun Jul 30 17:00:22 +0000 2023,pls doakan aku menang cocoki,0,0,0,0,doakan menang
Sun Jul 30 17:00:19 +0000 2023,benci bgt sm shopee cocoki anjg,0,0,0,0,benci anjing
Sun Jul 30 17:00:13 +0000 2023,Gue tandain lo shopee cocoki anjeng. ğŸ˜¡,0,0,0,0,tandain anjeng
Sun Jul 30 16:59:35 +0000 2023,@tamiinwee @adairesaturn emg anjing tuh udh gadapet voc badai cocoki gapernah menang,0,0,0,0,anjing gadapet voc badai menang
Sun Jul 30 16:59:00 +0000 2023,@tanyakanrl COCOKI JUANCOOOOKKKK,0,0,0,1,juancok
Sun Jul 30 16:57:56 +0000 2023,butuh tutor menang koin 10k di shopee cocoki woii,0,0,0,0,butuh tutor menang koin woii
Sun Jul 30 16:57:11 +0000 2023,yaAllah cocoki,0,0,0,0,
Sun Jul 30 16:57:01 +0000 2023,Kenapa orang orang main cocoki kan aku fomo,0,0,0,0,orang orang main fomo
Sun Jul 30 16:54:46 +0000 2023,GUE BENERAN STRES SAMA COCOKI ANJG https://t.co/twj50VCMmf,0,0,0,0,stres anjing
Sun Jul 30 16:54:09 +0000 2023,daripada galau mending kita main syopi cocoki,0,0,0,0,galau main
Sun Jul 30 16:54:04 +0000 2023,cocoki nih udah bikin aku pusing beneran ğŸ˜­,0,0,0,0,pusing
Sun Jul 30 16:54:01 +0000 2023,ini apasih cocoki kenapa susah gini SIH,0,0,0,0,susah
Sun Jul 30 16:53:52 +0000 2023,"@discountfess Sama nderğŸ˜­ motivasi belajar trs smpe bisa menangin cocoki adalah harga diri, yakali cm smpe level 3 doang ga menangğŸ˜­ğŸ˜­ğŸ˜ meskipun tiap main keluar trs kata2 umpatan wkwkw",0,2,0,0,brother motivasi belajar menangin harga yakali level menang main umpatan wkwkw
Sun Jul 30 16:53:37 +0000 2023,Dih ketagihan cocoki grgr mama,0,0,0,0,dih ketagihan gara-gara
Sun Jul 30 16:52:11 +0000 2023,sekelas pabji aja bisa gue menangin masa cuma cocoki ayam kampung gabisa,0,2,0,0,sekelas pabji menangin ayam kampung
Sun Jul 30 16:52:10 +0000 2023,udah paling bener main shopee cocoki ae emng,0,0,0,0,main
Sun Jul 30 16:51:58 +0000 2023,"Seharian frustasi gara2 shopee cocoki, gagal mulu tapi nagih ğŸ˜­ğŸ˜­",0,0,0,0,seharian frustasi gara gagal nagih
Sun Jul 30 16:50:46 +0000 2023,WTP. Aku bisa nyelesaiin Shopee Cocoki hari ini ğŸ˜­ğŸ˜­ğŸ˜­ğŸ˜ğŸ˜ğŸ˜ https://t.co/Ljh9sA0uJ7,0,0,0,0,wtp nyelesaiin
Sun Jul 30 16:50:19 +0000 2023,Budreg dewe maen  cocoki ğŸ™ƒ,0,0,0,0,budreg dewe main
Sun Jul 30 16:49:48 +0000 2023,HAHAHAH AKU NANGIS BACA CAPTIONNYA. ğŸ˜­ Makasih banyak kak Asa si paling lucu! Aku tunggu ya kak cenel yutub kakak... aku mau streaming kak Asa ngajarin main syopi cocoki. ğŸ¤™ğŸ»,0,0,0,0,hahahah menangis baca captionnya terima kasih asa lucu tunggu cenel youtube kakak streaming asa mengajari main
Sun Jul 30 16:49:02 +0000 2023,Mending main sopi cocoki dah,0,0,0,0,main
Sun Jul 30 16:48:02 +0000 2023,GUEE 7 hari yg lalu bangun tidur cocoki sebelom makan cocoki abis makan cocoki sampe sebelom tidur cocoki tp skrg cocokinya diganti kairi alhamdulillah #CapekNyocoki,0,0,0,0,bangun tidur sebelom makan makan sebelom tidur cocokinya diganti kairi alhamdulillah
Sun Jul 30 16:47:55 +0000 2023,GUA LAGI MAEN COCOKI BELIAU LIVE,0,0,0,0,main beliau live
Sun Jul 30 16:47:48 +0000 2023,@discountfess Knp di shopee aku gada cocoki:(,0,0,0,0,
Sun Jul 30 16:46:41 +0000 2023,udah sejam lebih mainin shopee cocoki stress kok ga menang menangğŸ˜­ https://t.co/tEjFf0pQ1i,0,0,0,2,sejam mainin stre menang menang
Sun Jul 30 16:45:56 +0000 2023,Kayaknya nggaa bakalan main cocoki shopee yang bikin emosi itu demi mendapatkan koin 10000 ğŸ˜¡,0,0,0,0,nggaa main emosi koin
Sun Jul 30 16:45:39 +0000 2023,@Anilesram_ msh ada cocoki yg mnunggu ğŸ˜†,0,1,0,0,mnunggu
Sun Jul 30 16:44:58 +0000 2023,cung yg masih payah main game cocoki?ğŸ˜”,0,0,0,0,cung payah main permainan
Sun Jul 30 16:44:24 +0000 2023,@yujindraft hahahahahahahhaha yang bisa bantu gw kasih tips main cocoki sampe gw menang bakal gw kasih taerae (s&amp k berlaku),0,0,0,0,hahahahahahahhaha bantu kasih tips main menang kasih taerae amp berlaku
Sun Jul 30 16:44:18 +0000 2023,Capek bgt main shopee cocoki ga menang-menang plisğŸ˜µâ€ğŸ’«ğŸ« ğŸ« ,0,1,0,0,cape main menang menang
Sun Jul 30 16:44:14 +0000 2023,Shopee cocoki terlalu bikin emosi untuk aku yang kesabarannya setipis rambut,0,0,0,0,emosi kesabarannya setipis rambut
Sun Jul 30 16:43:56 +0000 2023,"niatnya mau ngurangin screentime, malah ketagihan main cocoki ajgğŸ˜­ğŸ˜­ğŸ˜­ğŸ˜­",0,0,0,0,niatnya ngurangin screentime ketagihan main anjing
Sun Jul 30 16:43:49 +0000 2023,@Attornaey Jing lu harus main cocoki.,0,1,0,0,anjing main
Sun Jul 30 16:43:42 +0000 2023,@quiescvent Stres karena cocoki.,0,0,0,0,stres
Sun Jul 30 16:43:26 +0000 2023,Ini gue udah di tahap merasa lebih gampang buat jadi pacar Haruto dibandingin menang game cocoki,1,0,0,0,tahap gampang pacar haruto dibandingin menang permainan
Sun Jul 30 16:42:41 +0000 2023,Orang orang pinter bgt bisa dpt 10000 cocoki ğŸ˜­,0,0,0,0,orang orang pintar
Sun Jul 30 16:41:43 +0000 2023,@kaniasaja79 Tertular main cocoki âœ”ï¸,0,1,0,0,tertular main
Sun Jul 30 16:39:57 +0000 2023,ADA GA YANG OPEN JOKI COCOKI?! GUE UDAH MUAK ANJENGGGGGGGGGG,0,0,0,0,open joki muak anjeng
Sun Jul 30 16:39:33 +0000 2023,Main shopee cocoki ngelepas stress âŒ Main shopee cocoki makin stress soalnya ga menang-menang âœ”ï¸,0,2,0,0,main ngelepas stre main stre menang menang
Sun Jul 30 16:37:17 +0000 2023,kl gw tbtb ilang artinya lg main game shopee cocoki,0,2,0,0,hilang main permainan
Sun Jul 30 16:36:15 +0000 2023,grgr shopee cocoki jdi berantem terus kan anjg,0,0,0,0,gara-gara berantem anjing
Sun Jul 30 16:35:37 +0000 2023,@tanyarlfes nder kok bisağŸ˜­aku ga pernah menang main cocoki,0,0,0,2,brother bisaaku menang main
Sun Jul 30 16:35:07 +0000 2023,"@discountfess sumpa gedeg aku tl cocoki semua ngomongnya, aku dah muak mending main tebak katağŸ˜­ğŸ™",0,0,0,0,sumpa gedek timeline mengomongnya muak main tebak
Sun Jul 30 16:32:32 +0000 2023,Kok ada org menang cocoki,0,0,0,0,orang menang
Sun Jul 30 16:30:47 +0000 2023,4x.. lumayan juga udah dapet 40k coin dari main cocoki walau bikin sedikit stress ğŸ¤ğŸ˜… https://t.co/XGJqCOJQj8,0,0,0,1,lumayan coin main stre
Sun Jul 30 16:29:51 +0000 2023,Bbrp hri ini main shopee cocoki msh betah di level 3 mlu ğŸ˜”,0,0,0,0,main betah level malu
Sun Jul 30 16:28:51 +0000 2023,main cocoki tu bikin ngantuk,0,0,0,0,main ngantuk
Sun Jul 30 16:28:05 +0000 2023,oke balik main shopi cocoki,0,0,0,0,oke main
Sun Jul 30 16:27:57 +0000 2023,EMOSI BANGET MAIN COCOKI JAM SEGINI!!!!,0,0,0,0,emosi main jam
Sun Jul 30 16:27:49 +0000 2023,GUE AKAN MUTE KATA COCOKI SOALNYA GREGET LIAT YG MENANG,0,0,0,0,mute greget lihat menang
Sun Jul 30 16:27:10 +0000 2023,Ya ampyun dari kemarin gatembus2 cocoki,0,1,0,0,ampyun kemarin gatembus
Sun Jul 30 16:27:06 +0000 2023,doakan gweh mau main cocoki,0,0,0,0,doakan gweh main
Sun Jul 30 16:26:28 +0000 2023,Gimana sih main shopee cocoki :(,0,0,0,0,main
Sun Jul 30 16:26:24 +0000 2023,shopee cocoki bangsat tai anjing pergi aj jauh jauh,0,0,0,1,bangsat tahi anjing pergi
Sun Jul 30 16:26:15 +0000 2023,shopee cocoki bsok dah gada ya?,0,0,0,0,
Sun Jul 30 16:25:47 +0000 2023,"Ini lu abis liat foto sengcol yg ini trus maen sopi cocoki,stressnya bukan ilang malah tambah pengen jambak orang nih",0,0,0,0,lihat foto sengcol main stre hilang jambak orang
Sun Jul 30 16:25:26 +0000 2023,energi gue habis dikuras cocoki,0,0,1,0,energi dikuras
Sun Jul 30 16:25:18 +0000 2023,@biribiriketjil @discountfess Iya kak tadi jam 8 fs yang warna inii seharga 58k trs aku komboin sm voc live dan shopee hasil cocokiğŸ˜­ğŸ™,0,1,0,0,jam fs warna seharga komboin voc live hasil
Sun Jul 30 16:24:53 +0000 2023,SHOPEE YG BENER AJA INI COCOKI GAME APA ANJJJJJJIIIIR SUSAH BTULL,0,0,0,0,permainan susah btull
Sun Jul 30 16:24:36 +0000 2023,stress mainan cocoki,0,0,0,0,stre mainan
Sun Jul 30 16:24:26 +0000 2023,"main cocoki bisa dpet koin brp sih??? dr kemaren bikin stress""",0,1,0,1,main dpet koin kemarin stre
Sun Jul 30 16:24:15 +0000 2023,"Ya Allah salah bgt gue main cocoki jam segini, bawaannya mau marah marah ajg",0,0,0,0,salah main jam bawaannya marah marah anjing
Sun Jul 30 16:23:29 +0000 2023,"*lagi main shopee cocoki di motor (nungguin bude blanja)* Mas mas out of nowhere: Dek, ini berasnya""  Ak: ğŸ‘ğŸ‘„ğŸ‘""",0,0,0,0,main motor menunggu bude blanja mas mas out of nowhere adik berasnya
Sun Jul 30 16:22:58 +0000 2023,ini gua udah di tahap merasa lebih gampang buat jadi pacar ling chao dibanding menang game cocoki https://t.co/tMJgxWAowJ,0,0,0,0,tahap gampang pacar ling chao dibanding menang permainan
Sun Jul 30 16:22:48 +0000 2023,@cainkyungjoon Game cocoki apa sih lewat tl mulu ğŸ˜­,0,1,0,0,permainan timeline
Sun Jul 30 16:22:25 +0000 2023,"kok orang-orang bisa menang main cocoki yaa, kek wtf???!?!?!? mata aku sampe sakit ngga pernah menang",0,0,0,0,orang orang menang main kayak what the fuck mata sakit menang
Sun Jul 30 16:22:07 +0000 2023,Soalnya gue jdi keseringan main cocoki ğŸ˜­ğŸ˜­ğŸ˜­ğŸ˜­,0,0,0,0,keseringan main
Sun Jul 30 16:22:07 +0000 2023,@tanyarlfes Shopee cocoki yg tidak bisa menang itu ğŸ™‚ https://t.co/tImF42R68d,0,0,0,0,menang
Sun Jul 30 16:22:07 +0000 2023,aseli maen cocoki seharian sakit kepala,0,0,0,0,aseli main seharian sakit kepala
Sun Jul 30 16:22:01 +0000 2023,Shopee cocoki gajelas,0,0,0,0,
Sun Jul 30 16:21:06 +0000 2023,alhamdulillah kelar smw urusan hari iniğŸ™ waktunya main cocoki,0,0,0,0,alhamdulillah kelar urusan main
Sun Jul 30 16:20:52 +0000 2023,kesel banget main cocoki plssss,0,0,0,0,kesal main
Sun Jul 30 16:20:49 +0000 2023,Cocoki hari ini kerasa susah bgt ga sih? Baru sekarang selesai ğŸ˜­ https://t.co/cdUJijlpFH,0,0,0,0,kerasa susah selesai
Sun Jul 30 16:20:40 +0000 2023,AKHIRNYA GUE BISA MENANGIN COCOKI ANJ STRESS BERHARI HARI KARNA INI GAMEğŸ˜­ğŸ˜­ğŸ˜­ğŸ‘ŠğŸ»ğŸ‘ŠğŸ»ğŸ‘ŠğŸ» https://t.co/buAwa3FxIg,0,0,0,0,menangin anjing stre berhari permainan
Sun Jul 30 16:20:34 +0000 2023,kapan bisa memenangkan cocoki ğŸ¥²,0,1,0,0,memenangkan
Sun Jul 30 16:20:31 +0000 2023,kesel bgt main cocoki ga menang menang anjir,0,0,0,0,kesal main menang menang
Sun Jul 30 16:19:50 +0000 2023,@discountfess Dah stress si sebenernya main cocoki tp masi dimainin teros ğŸ˜­,0,0,0,0,stre main dimainin teros
Sun Jul 30 16:19:47 +0000 2023,depresi main cocoki ga menang menang,0,0,0,0,depresi main menang menang
Sun Jul 30 16:19:29 +0000 2023,benci banget sama shopee cocoki itu lah,0,0,0,0,benci
Sun Jul 30 16:19:28 +0000 2023,shopee cocoki sangat menguras otak:)) https://t.co/0y897VcP5b,0,0,0,0,menguras otak
Sun Jul 30 16:19:27 +0000 2023,I'm still trying untuk memenangkan cocoki,0,0,0,0,trying memenangkan
Sun Jul 30 16:19:26 +0000 2023,aing dah muak dgn cocoki ini ğŸ˜­ğŸ˜­ğŸ˜­ https://t.co/FF8qD6ao58,0,0,0,0,muak
Sun Jul 30 16:19:16 +0000 2023,COCOKI INI EMANG NGRUSAK PSIKIS,0,0,0,0,merusak psikis
Sun Jul 30 16:19:04 +0000 2023,@oobacip coba aja search cocoki kadang ada yg share tips per harinya wkwk,0,0,0,0,coba search kadang share tips harinya
Sun Jul 30 16:17:27 +0000 2023,harga diri gue ini mah udh lebih dari 2 minggu level 3 pun gaada yg lolos tuh sopi cocoki diri gue brasa dipermainkan,0,0,0,0,harga mah minggu level lolos berasa dipermainkan
Sun Jul 30 16:16:56 +0000 2023,cocoki jancok,0,0,0,0,
Sun Jul 30 16:16:49 +0000 2023,cpek bgt maen cocoki gk mnang2 anjr,0,0,0,0,cpek main mnang anjr
Sun Jul 30 16:16:25 +0000 2023,shopee cocoki kontol,0,0,0,0,kontol
Sun Jul 30 16:16:03 +0000 2023,@convomf cara menang shopee cocokiğŸ˜”,0,0,0,0,menang
Sun Jul 30 16:15:27 +0000 2023,kemungkinan gw pacaran sm yujin lebih gede drpd menang cocoki anjggggggg,0,0,0,0,pacaran yujin gede menang anjing
Sun Jul 30 16:15:16 +0000 2023,@discountfess Cocoki hr ini susah bgt anjerrrğŸ˜­ğŸ˜­â˜ï¸,0,0,0,0,susah anjer
Sun Jul 30 16:15:07 +0000 2023,"@discountfess sender kalo interview kerja ditanya kelebihan kamu apa, jawab aja saya menang shopee cocoki berturut turut pak.",0,0,0,0,sender interview kerja kelebihan menang
Sun Jul 30 16:15:06 +0000 2023,Kapan ya menang Cocoki,0,0,0,0,menang
Sun Jul 30 16:14:55 +0000 2023,"@pinewithy @discountfess Kayaknya sendernya ngedit deh jadi background cocoki, kalo mau liat hasil pendapatan koin klik yang ini aja https://t.co/38pPow7m0b",0,1,0,0,sendernya ngedit background lihat hasil pendapatan koin klik
Sun Jul 30 16:14:52 +0000 2023,Sumpah aku kira menangin cocoki bakal bikin aku udahan dah main ini udah muak bgt menang sekali cukup TAPI TERNYATA TIDAK  Ternyata bikin aku ngerasa sepertinya aku bisa win another round lagi alias ini lagi nunggu ganti hari buat nyoba cocoki lagiğŸ˜­ğŸ˜­ğŸ˜­ğŸ˜­ğŸ˜­ğŸ˜­ğŸ˜­ğŸ˜­ğŸ˜­,0,0,0,0,menangin udahan main muak menang win another round menunggu ganti mencoba
Sun Jul 30 16:14:46 +0000 2023,"Eh shopee cocoki, gue kalo di wesane jago ya maen begituan",0,0,0,0,wesane jago main begituan
Sun Jul 30 16:14:33 +0000 2023,@cudcle @soasixlu GAME SHOPEE YG BARU NAMANYA COCOKI MAIN ITU PLS CE,0,1,0,0,permainan namanya main cewek
Sun Jul 30 16:14:22 +0000 2023,liat dah se struggle apa diri ini main cocoki. https://t.co/ZCEajYqkuQ,0,1,0,0,lihat struggle main
Sun Jul 30 16:13:47 +0000 2023,DEMI ALLAH COCOKI AKHIRNYA AKSHSHHS https://t.co/x90CuNXZWe,0,0,0,1,akshshhs
Sun Jul 30 16:13:37 +0000 2023,atuh aku juga pengen menang main game shopee cocoki ğŸ˜”ğŸ˜”ğŸ˜”,0,0,0,0,menang main permainan
Sun Jul 30 16:13:21 +0000 2023,"iriku sederhana, hanya dg mlihat sender diskonfess yg slalu pamer menang cocoki alias SHHHTTT DIAM AK STRESSS",0,0,0,0,iriku sederhana mlihat sender diskonfe pamer menang sht diam stres
Sun Jul 30 16:12:34 +0000 2023,cocoki anj gua ga menang2 ini lvl3 kenapa sesusah ini,0,0,0,0,anjing menang lvl sesusah
Sun Jul 30 16:12:33 +0000 2023,@Youtiful325 SEMANGAT! KAMU PSTI BISA! Menangin cocoki ni udah bukan lagi masalah coinsnya tapi pridenya wkwkwkğŸ˜­,0,0,0,0,semangat menangin coinsnya pridenya wkwkwk
Sun Jul 30 16:12:32 +0000 2023,"Yang bikin shopee cocoki nih beneran sukses, sukses bikin orang emosi.",0,5,0,1,sukses sukses orang emosi
Sun Jul 30 16:11:45 +0000 2023,FRUSTASI SM COCOKI SOPI!!!,0,0,0,0,frustasi
Sun Jul 30 16:11:40 +0000 2023,sihal salkir tautan cocoki ke shopee bu kaprodi ^____^ INI GMN GA BISA DIUNSENT https://t.co/hWYQ89bZvS,0,3,0,0,sihal salkir tautan bu kaprodi diunsent
Sun Jul 30 16:11:11 +0000 2023,"@my0onlight Mending main yg bener tu monopoli, masa udah ga menang2 cocoki terus kalah monopoli juga  Buset menang cocoki kayak apa banget hahahahahhaha",0,1,0,0,main monopoli menang kalah monopoli buset menang hahahahahhaha
Sun Jul 30 16:11:08 +0000 2023,"g mut, soalnya abis main sopi cocoki stres. https://t.co/HW5m9XxWKR",0,3,0,2,mut main stres
Sun Jul 30 16:10:32 +0000 2023,@discountfess Kok di akun gue gaada cocoki yaaa,0,0,0,0,akun
Sun Jul 30 16:09:57 +0000 2023,"@tanyakanrl Menangizzz, main sopi cocoki",0,0,0,0,menangiz main
Sun Jul 30 16:09:14 +0000 2023,@dindasukma Cuman cocoki yg bisa bikin dinsuk ngetweetğŸ¤£ğŸ¤£,0,1,0,0,dinsuk ngetweet
Sun Jul 30 16:09:08 +0000 2023,tiba tiba suddenly i merasa jenius bgt main cocoki di dua akun menang terus https://t.co/alH0dZwCRW,0,0,0,0,suddenly jenius main akun menang
Sun Jul 30 16:08:42 +0000 2023,mau main cocoki,0,1,0,0,main
Sun Jul 30 16:08:23 +0000 2023,orang2 yg pada bisa menang shopee cocoki ni pada les dmn yh?,0,0,0,0,orang menang les
Sun Jul 30 16:07:39 +0000 2023,@oxalistetraphyl Kenapa puc kenapaa?? Shopee cocoki?,0,0,0,0,puc
Sun Jul 30 16:07:31 +0000 2023,"ANJINGG GW KAPAN INI COCOKI GA KELAR DALEM BANGETTAIII""",0,0,0,0,anjingg kelar dalem bangettai
Sun Jul 30 16:07:09 +0000 2023,anjing udah jam 11 aja gue main cocoki dari maghribğŸ˜­ memang babi dah kaga menang menang,0,0,0,0,anjing jam main maghrib babi kagak menang menang
Sun Jul 30 16:07:04 +0000 2023,udh ah mw main cocoki bntar trs scroll tiktok trs boboo,0,0,0,0,ah main bentar scroll tiktok boboo
Sun Jul 30 16:06:46 +0000 2023,"saya aslinya 2 orang, satu sisi percaya kalo shopee cocoki itu gaada ujungnya, satunya main terus nonstop ampe berjam jam",0,0,0,0,aslinya orang sisi percaya ujungnya satunya main nonstop berjam jam
Sun Jul 30 16:06:38 +0000 2023,buka jasa joki cocoki pls,0,0,0,0,buka jasa joki
Sun Jul 30 16:06:35 +0000 2023,Cita citaku pengen jadi atlet shopee cocoki,0,1,0,0,cita citaku atlet
Sun Jul 30 16:05:54 +0000 2023,Eh cocoki ni jancok banget,0,0,0,0,
Sun Jul 30 16:05:53 +0000 2023,cocoki gem tai,0,0,0,0,gem tahi
Sun Jul 30 16:05:47 +0000 2023,Kok kesel ya main cocoki,0,0,0,0,kesal main
Sun Jul 30 16:05:26 +0000 2023,sopi cocoki ni kek gimana si? rame bgt lewat terus di tl,0,0,0,0,kayak ramai timeline
Sun Jul 30 16:04:29 +0000 2023,@discountfess kok sopi gue gada cocoki?! gmn caranya,0,0,0,0,
Sun Jul 30 16:03:54 +0000 2023,GAME ANJING COCOKI NIH SIAPA SIH YANG BIKINNNNN,0,0,0,0,permainan anjing
Sun Jul 30 16:03:52 +0000 2023,"udah update, semoga menang cocoki karena demi tuhan gue belum menang juga jancok",1,0,0,1,update semoga menang tuhan menang
Sun Jul 30 16:03:50 +0000 2023,"@abcddindaaa @discountfess kalo iphone pake link, cari aja di twitt link cocoki  shopee wkwkwk",0,0,0,0,iphone pakai link cari twitter link wkwkwk
Sun Jul 30 16:03:38 +0000 2023,EHHHH KENAPA SHOPEE KU GAADA COCOKI SIH DARI KEMARIN KEMARIN BEGINIğŸ˜­ GUE OENGEN MAIN COCOKI https://t.co/HlNnTmWGnt,0,0,0,0,kemarin kemarin main
Sun Jul 30 16:03:17 +0000 2023,@tersangcute Capek sama cocoki,0,1,0,0,cape
Sun Jul 30 16:02:34 +0000 2023,@discountfess Ini fitur shopee cocoki dmn sih? Kalau mau main gimana caranya?,0,0,0,0,fitur main
Sun Jul 30 16:02:08 +0000 2023,memakai laptop soalnya hp dipake teteh buat main shopee cocokiğŸ˜“,0,0,0,0,memakai laptop handphone dipakai teteh main
Sun Jul 30 16:01:01 +0000 2023,Banyak hal bermanfaat yg bisa dilakukan dari jam 9 - jam 11 malam ini tapi aku memilih bermain syopi cocoki,0,1,0,1,bermanfaat jam jam malam memilih bermain
Sun Jul 30 16:00:36 +0000 2023,mo main cocoki biar ga stress,0,0,0,0,main stre
Sun Jul 30 16:00:32 +0000 2023,ğŸ˜‹ main cocoki hokinya jam segini https://t.co/rngdoO1Amy,0,1,0,0,main hokinya jam
Sun Jul 30 16:00:25 +0000 2023,"@tanyakanrl EMOSINYA KERASA SAMPE SINIII BJIRR. GUE JG UDH LAMA BNGT MAININ INI GAME COCOKI, TPI BRU MENANG SEKALI DAN TMN GUE UDH MENANG 12xğŸ˜¤ğŸ˜¤.YESS BENEER INI BKN LGI SOAL KOIN 10REBUUU, TPI HRGA DIRI TERINJAK GARAÂ² COKCOKII ANJ, GUE BANTAI LO MALEM INII cokcokiiiğŸ–•â˜º",0,0,0,0,emosinya kerasa bjirr mainin permainan menang teman menang ye beneer koin rebu hrga terinjak gara cokcokii anjing bantai malam cokcoki
Sun Jul 30 16:00:11 +0000 2023,AKHIRNYA BERHASIL MENANG COCOKI AHDGSKKSHSKAK LMAO,0,1,0,0,berhasil menang ahdgskkshskak lmao
Sun Jul 30 15:59:19 +0000 2023,Udah lah cape sama cokicoki alias cocoki,0,0,0,0,capek cokicoki
Sun Jul 30 15:58:39 +0000 2023,LamaÂ² gue pake joki cocoki nihhh,0,0,0,0,pakai joki
Sun Jul 30 15:58:20 +0000 2023,cocoki game terkutuk AH ANJG sebel bgt ga prnah menang,0,1,0,0,permainan terkutuk ah anjing sebel menang
Sun Jul 30 15:57:05 +0000 2023,"@discountfess Ga sama nder, alias aku cape bgt main cocoki belum pernah menang huhu gregettt",0,0,0,0,brother capek main menang huhu greget
Sun Jul 30 15:57:03 +0000 2023,Mumet cocoki,0,0,0,0,pusing
Sun Jul 30 15:56:51 +0000 2023,"Aku ke sini cuman mau ngadu, GAME COCOKI KENAPA GAK ABIS ABIS HEY?! ğŸ˜¡",1,0,0,0,mengadu permainan hai
Sun Jul 30 15:56:26 +0000 2023,Seneng bngt dari sekian hari akhirnya menang cocoki ğŸ¥ºğŸ«¶ğŸ» https://t.co/ZxG0OhgSEI,0,2,0,0,senang sekian menang
Sun Jul 30 15:56:15 +0000 2023,@discountfess aku ga ada cocoki :(,0,0,0,0,
Sun Jul 30 15:55:00 +0000 2023,"pamer kemaren2 sender ga pernah menang cocoki, tapi hari ini katanya gampang dan emang bener woyyy, pertama kalinya menang huhuu seneng bgtğŸ˜­ğŸ˜­ ada yg sama ga?? https://t.co/Yt5dkXo66N",2,17,0,5,pamer kemarin sender menang gampang woy kalinya menang huhuu senang
Sun Jul 30 15:54:32 +0000 2023,Cocoki bgst,0,1,0,0,bangsat
Sun Jul 30 15:53:56 +0000 2023,"Shopee cocoki ini level susahnya dakjal banget, bisa bisanya lebih susah dari pada homescapes.",0,0,0,0,level susahnya dakjal bisanya susah homescapes
Sun Jul 30 15:53:37 +0000 2023,"@sukaaries oke aul, saatnya ak berteman dngan game cocoki shopee",0,0,0,0,oke aul berteman permainan
Sun Jul 30 15:53:24 +0000 2023,shopee cocoki biarin gw menang sekali aja plis banget,0,0,0,0,biarkan menang
Sun Jul 30 15:52:28 +0000 2023,"cocoki emang game stress, niat nonton drama eh malah ujung2nya maen game ini",0,0,0,0,permainan stre niat menonton drama ujungnya main permainan
Sun Jul 30 15:52:07 +0000 2023,dah nyerah bgt sm shopee cocoki,0,0,0,0,nyerah
Sun Jul 30 15:51:31 +0000 2023,Gue stres main cocoki anj,0,0,0,0,stres main anjing
Sun Jul 30 15:51:23 +0000 2023,Hiburan bgt twit org yg main cocoki. Pada lucu2 komennya ğŸ˜‚,0,0,0,0,hiburan twit orang main lucu komennya
Sun Jul 30 15:50:45 +0000 2023,ihh ajg gue lagi pusing main sopi cocoki buka twitter malah makin pusing garaÂ² war wer worğŸ˜¡,0,0,0,5,ih anjing pusing main buka twitter pusing gara war wer wor
Sun Jul 30 15:50:23 +0000 2023,@lildoubleway hidup lagi stress tapi malah maen game shopee cocoki ğŸ˜­ğŸ˜­ğŸ™,0,1,0,0,hidup stre main permainan
Sun Jul 30 15:50:16 +0000 2023,@alenosaurus @discountfess jokiin cocoki ku dong kak,0,1,0,0,jokiin
Sun Jul 30 15:50:09 +0000 2023,@shankararn Kecapean main cocoki ğŸ‘ŠğŸ»,0,1,0,0,kecapean main
Sun Jul 30 15:49:14 +0000 2023,Stress maen cocoki,0,0,0,0,stre main
Sun Jul 30 15:48:30 +0000 2023,@discountfess gue juga dapet kok main cocoki.. dapet stressnya,0,0,0,0,main stre
Sun Jul 30 15:48:24 +0000 2023,cocoki cuki susah bgt asu,0,0,0,0,cuki susah asu
Sun Jul 30 15:47:45 +0000 2023,"joki shopee cocoki dong, gua dh stress bngt ni",0,0,0,0,joki stre
Sun Jul 30 15:47:44 +0000 2023,SUMPAHHH COKKK GW UDH MO MENANG KURANG SATU SLOT ğŸ˜­ (context : cocoki),0,0,0,0,cok menang slot context
Sun Jul 30 15:46:39 +0000 2023,@reliebelie ini cocoki udah bisa di ios kah? gw kok ga nemu mulu sih ğŸ˜­,0,1,0,0,ios nemu
Sun Jul 30 15:46:39 +0000 2023,"dengerin space smbil main shopee cocoki, stress tp ngakak ğŸ˜­",0,0,0,0,dengarkan space main stre mengakak
Sun Jul 30 15:46:35 +0000 2023,selain mau lolos msib aku juga muk menang cocokiğŸ˜¤ğŸ˜¤,0,1,0,0,lolos msib menang
Sun Jul 30 15:46:13 +0000 2023,Main cocoki dl ga si,0,2,0,0,main
Sun Jul 30 15:46:12 +0000 2023,"@Bandaidcs Lagi main shopee cocokiğŸ˜“ hbu, kakk??",0,1,0,0,main hbu
Sun Jul 30 15:45:49 +0000 2023,"@immortellez ANAK MEME GITU PELISPELISPLEIS, YA ALLAH KADANG AKU SUKA KETAWA KALAU LIAT KAMU LEWAT TL TUH. thankyouu ya udah buat hari aku yang awalnya gloomy jadi lebih baik! :D dan sampe sekarang aku masih keinget sama meme yang â€˜shoppee cocokiâ€™ ğŸ˜­ i'm so glad that we can be a moots, immo!",0,1,1,0,anak meme pelispelispleis kadang suka ketawa lihat timeline thankyouu gloomy meme shoppee sok glad that be moots immo
Sun Jul 30 15:45:37 +0000 2023,lu punya kuasa lu bisa main cocoki,0,0,0,0,kuasa main
Sun Jul 30 15:45:07 +0000 2023,@lokakaria Lu udah pernah main cocoki belum?,0,1,0,0,main
Sun Jul 30 15:44:48 +0000 2023,"@DevarraSiwi @discountfess Shopee cocoki itu kan ada 3 level,, nah misal udh sampe 3 level, masi bisa main lagi ga ya di hari itu juga ??",0,2,0,0,level level main
Sun Jul 30 15:44:07 +0000 2023,"Ada joki cocoki gasi, bodoh banget w rasanya",0,2,0,0,joki gasi bodoh
Sun Jul 30 15:44:05 +0000 2023,"syopi tuh nama gamenya harusnya bukan cocoki, tapi puki anjink BENCI BGT",0,0,0,0,nama gamenya puki anjink benci
Sun Jul 30 15:43:59 +0000 2023,OrangÂ² kok bisa ya menang cocoki sampe berkaliÂ²?? :(,0,1,0,0,orang menang berkali
Sun Jul 30 15:43:57 +0000 2023,masih bertahan si shopee cocoki..,0,0,0,0,bertahan
Sun Jul 30 15:43:50 +0000 2023,main cocoki bikin stres dah kaga menang2,0,0,0,0,main stres kagak menang
Sun Jul 30 15:43:44 +0000 2023,MAMAAAA MAU MENANG COCOKI JUGAAA,0,0,0,0,menang
Sun Jul 30 15:43:42 +0000 2023,yg blm pernah menang cocoki tp masih tetep main hebat sih,0,0,0,0,menang main hebat
Sun Jul 30 15:43:24 +0000 2023,"heran dehhh, dikerjaan ngantuk puolll kek ayam mau disembeleh, udah sampe rumah udah baring malah ambis main sopi cocokiğŸ˜ŒğŸ˜ŒğŸ˜ŒğŸ˜ŒğŸ˜Œ",0,0,0,0,heran dikerjaan ngantuk puol kayak ayam disembeleh rumah baring ambisi main
Sun Jul 30 15:43:12 +0000 2023,@discountfess cocoki asu,0,0,0,0,asu
Sun Jul 30 15:42:44 +0000 2023,@songgukcikarang plis gue main cocoki dengan motivasi twit ini tapikok sama aja ya,0,1,0,0,main motivasi twit tapikok
Sun Jul 30 15:42:06 +0000 2023,Meratapi salah pencet pas main cocoki gegara jempol gue kegedean babiiiiiiiq,0,1,0,0,meratapi salah pencet main gara-gara jempol kegedean babiq
Sun Jul 30 15:41:44 +0000 2023,@Histuoire Sumpah pantesan kakak gila akhir-akhir ini. Main cocoki dimananya sih?,0,1,0,0,pantesan kakak gila main dimananya
Sun Jul 30 15:41:43 +0000 2023,Anjay gue dapet kemenangan cocoki gue yang ke-2 ğŸ˜,0,0,0,0,anjay kemenangan
Sun Jul 30 15:41:42 +0000 2023,@chwentchu kaya ga ada harga diri gw ketipu muslihat sopi cocoki,0,0,0,0,kayak harga tertipu muslihat
Sun Jul 30 15:41:17 +0000 2023,thx cocoki. batre dari 100% sampe 76% sampe diketawain sama adek gegara stress sendiriğŸ¥² https://t.co/6ZV7Lwrhjk,1,0,0,0,terimakasih batre diketawain adek gara-gara stre
Sun Jul 30 15:41:12 +0000 2023,Bisa gila lama2 main shopee cocoki,0,0,0,0,gila main
Sun Jul 30 15:39:10 +0000 2023,cocoki susah bgt anjayyy,0,0,0,0,susah anjay
Sun Jul 30 15:38:58 +0000 2023,"cocoki sopi ada masalah apasi sama gue, ga pernah dikasi menangğŸ¥²",0,0,0,0,apasi dikasi menang
Sun Jul 30 15:38:57 +0000 2023,pengen gebuk orang gara2 main sopi cocoki,0,0,0,0,gebuk orang gara main
Sun Jul 30 15:38:33 +0000 2023,"@noeyhaj Andai bisa diuninstall aja si cocoki, karena kalau muncul terus jadi pengen nyoba terus ğŸ˜­",0,1,0,0,andai diuninstall muncul mencoba
Sun Jul 30 15:38:18 +0000 2023,@ryuisnthere yang buka les khusus shopee cocoki entah spp nya ngalahin inten bakal gw trabas,0,0,0,0,buka les khusus sumbangan pembinaan pendidikan mengalahkan inten trabas
Sun Jul 30 15:38:17 +0000 2023,Gua kadang takut masuk rsj terus ditanya kenapa bisa gila begini dan gua jawab karena main cocoki.,1,5,0,0,kadang takut masuk rsj gila main
Sun Jul 30 15:37:03 +0000 2023,cocoki hr ini polanya sulit hdeh,0,0,0,0,polanya sulit hdeh
Sun Jul 30 15:36:49 +0000 2023,"Berdamai dg diri sendiri itu, pas gw udah berenti main cocoki. Btw gw udh pernah menang sekali siğŸ˜",0,0,0,0,berdamai berenti main ngomong-ngomong menang
Sun Jul 30 15:36:32 +0000 2023,gue udah di tahap pms gak nangisin idup lagi tapi nangisin cocoki anjrit bgt.,1,1,0,0,tahap pms nangisin hidup nangisin anjing
Sun Jul 30 15:36:28 +0000 2023,pada main cocoki lah di sopi gua gaada masa,0,1,0,0,main
Sun Jul 30 15:35:56 +0000 2023,"@mygxvir7 @teajos_ @discountfess 2k/3k kak bebass, wa aja ya kak jangan dm nomornya ada aku sematkan",0,0,0,0,beba whatsapp dm nomornya sematkan
Sun Jul 30 15:35:49 +0000 2023,@0xduajutadollar belomğŸ˜­ğŸ˜­ gregetan abis main cocoki,0,1,0,0,gregetan main
Sun Jul 30 15:35:43 +0000 2023,"@babibubabubiba aku klo gabut buka cocoki pls con, walau gagal trs tp ak tertantang",0,1,0,0,kalo bosan buka con gagal tertantang
Sun Jul 30 15:35:31 +0000 2023,gmn ya cara menang cocoki,0,2,0,0,menang
Sun Jul 30 15:34:28 +0000 2023,dahlah saya capek main cocoki ga menang2,0,0,0,0,cape main menang
Sun Jul 30 15:34:20 +0000 2023,Bener2 ya lu cocoki bikin komat kamit,0,0,0,0,komat kamit
Sun Jul 30 15:34:10 +0000 2023,Aku pasti bisa menang game syopi cocoki jancok ini.,0,0,0,0,menang permainan
Sun Jul 30 15:34:00 +0000 2023,yaallah do iâ€™m not deserve to menang shopee cocoki level tiga? aku sebel bangetâ€¼ï¸â€¼ï¸â€¼ï¸ğŸ˜­,0,0,0,0,deserve menang level sebel
Sun Jul 30 15:33:50 +0000 2023,@mochipaji Egk bagi gue cocoki tetep game terngeselunğŸ˜‡ğŸ™,0,1,0,0,egk permainan terngeselun
Sun Jul 30 15:33:37 +0000 2023,@soasixlu wkwkwk cocoki,0,1,0,0,wkwkwk
Sun Jul 30 15:33:12 +0000 2023,bro main shopee cocoki gapernah berhasilğŸ˜”â˜ï¸,0,0,0,0,saudara laki-laki main berhasil
Sun Jul 30 15:33:10 +0000 2023,gue main cocoki lama2 muak sendiri anjrit,0,0,0,0,main muak anjing
Sun Jul 30 15:32:54 +0000 2023,cocoki monyet gue gamenang2 kezel,0,1,1,0,monyet gamenang kezel
Sun Jul 30 15:32:43 +0000 2023,"SUMPAH YAH, INI KALO COCOKI MANUSIA SUDAH AKU MISUH MISUHIN DPN MUKA NYA PLZ ğŸ˜”ğŸ˜”ğŸ˜”ğŸ˜”ğŸ˜”ğŸ˜”ğŸ˜”ğŸ˜” https://t.co/aXGSlsObop",0,0,0,0,manusia misuh misuhin muka plz
Sun Jul 30 15:32:06 +0000 2023,sopi cocoki alias game sopicok ini game pembodohan kata gw,0,0,0,0,permainan sopicok permainan pembodohan
Sun Jul 30 15:31:37 +0000 2023,"Maaf ga twitteran dulu, lagi sibuk main shopee cocoki. Ini bukan tentang menangin koin 10.000. Tapi tentang harga diriku yang main ini berhari hari tapi gapernah menang. Tag sahabat gagalku @tiffany_mjb",1,1,0,1,maaf twitteran sibuk main menangin koin harga diriku main berhari menang tag sahabat gagalku
Sun Jul 30 15:31:24 +0000 2023,cocoki sialanğŸ˜”ğŸ‘ŠğŸ»,0,0,0,0,sialan
Sun Jul 30 15:31:11 +0000 2023,"Jam segini waktu ngegamenya abdi biasa dia buka pubg, malah sayup2 terdengar â€œngopi2 ngopi maseeâ€  Wkwk Cocoki emang bener lu yeee!",0,0,0,0,jam ngegamenya abdi buka pubg sayup terdengar ngopi ngopi masee ye
Sun Jul 30 15:30:57 +0000 2023,"@discountfess Info joki shopee cocoki dong,gw main ga menang menang mulu",0,0,0,0,informasi joki main menang menang
Sun Jul 30 15:30:35 +0000 2023,"COCOKI SUMPAH YAH BUAT PUSING ANJINKKKKK, tapi gue tertantang fakk, org gila",0,0,0,0,pusing anjink tertantang fakk orang gila
Sun Jul 30 15:30:29 +0000 2023,kenapa gue ga bisa2 main shopew cocoki,0,0,0,0,main shopew
Sun Jul 30 15:30:17 +0000 2023,@TEHSISRl info cocoki,0,1,0,0,informasi
Sun Jul 30 15:29:46 +0000 2023,@discountfess Gimana cara main shopee cocoki??,0,0,0,0,main
Sun Jul 30 15:29:31 +0000 2023,bukannya gosok baju malah main cocoki terus,0,0,0,0,gosok baju main
Sun Jul 30 15:29:24 +0000 2023,konyol banget ni shopee cocoki anjing,0,0,0,0,konyol anjing
Sun Jul 30 15:29:20 +0000 2023,Cocoki wasting my time Gapernah lolos... Tp Ga ada nyawa..  Tau2 udah 3jam aja main  Kapok,0,0,0,0,wasting my time lolos nyawa jam main kapok
Sun Jul 30 15:29:02 +0000 2023,@discountfess Soalnya kl hasil dari cocoki nihilğŸ˜­ alias dapet stres doang gue,0,1,0,0,hasil nihil stres
Sun Jul 30 15:28:25 +0000 2023,"Tiap ada ttg org menang cocoki, langsung coba maen. Tp gagal2 juga ğŸ˜  smpe gila",0,0,0,10,orang menang langsung coba main gagal gila
Sun Jul 30 15:28:03 +0000 2023,gua akan stop main game cocoki karna yang bs diambil cmn hikmahnya,0,0,0,0,stop main permainan diambil cuman hikmahnya
Sun Jul 30 15:27:59 +0000 2023,"ğŸ± Tidur gasik karena besok senin harus bangun pagi buat mulai cakar sofa lagi, numpahin pasir dari litter box, berantakin tisu, balikin tangkuban perahu, bikin candi, main shopee cocoki anjg."" https://t.co/HsCMkPXS6s""",0,0,0,0,tidur gasik senin bangun pagi cakar sofa numpahin pasir litter box berantakin tisu balikin tangkuban perahu candi main anjing
Sun Jul 30 15:27:48 +0000 2023,Kok semua orang bisa menang shopee cocoki,0,1,0,1,orang menang
Sun Jul 30 15:27:06 +0000 2023,"hari ini gw nyerah main cocoki, gatau kalo besok",0,1,0,0,nyerah main tau
Sun Jul 30 15:26:46 +0000 2023,WONU LU HARUS MAIN SHOPEE COCOKIâ€¼ï¸,0,0,0,0,wonu main
Sun Jul 30 15:26:26 +0000 2023,Paraaaaah gabisa2 tembus cocoki ğŸ˜­ğŸ˜­,0,0,0,0,parah tembus
Sun Jul 30 15:25:59 +0000 2023,ndassku beneran sampe mumet dolanan cocoki anjggg,0,1,0,2,indak pusing dolanan anjing
Sun Jul 30 15:25:42 +0000 2023,@usus2belasjari yg buat game cocoki aja ajak kesana cuy,0,0,0,0,permainan ajak kesana cuy
Sun Jul 30 15:25:41 +0000 2023,ga main cocoki sehari jd susah menangğŸ˜”,0,0,0,0,main sehari susah menang
Sun Jul 30 15:23:44 +0000 2023,@itakehaya YATUHAN SEMOGA FI MENANG COCOKI DETIK INI JUGA BIAR BISA NGASIH MAKaN MIKHAVI DAN UPDATE DEK LASA hehehe mwach ğŸ˜˜,0,1,0,0,yatuhan semoga menang detik mengasih makan mikhavi update adik lasa hehehe mwach
Sun Jul 30 15:23:44 +0000 2023,aslinya aku stress juga pas maen wkwkwkwkwk cuma karena aku merasa harga diriku tercoreng dan ternodai cuma gegara cocoki doang aku terus berjuang sampe akhirnya menang ğŸ˜­ğŸ˜­ğŸ˜­,0,0,0,0,aslinya stre main wkwkwkwkwk harga diriku tercoreng ternodai gara-gara berjuang menang
Sun Jul 30 15:23:34 +0000 2023,Anjrit bgt nih shopee cocoki susah bgt,0,0,0,0,anjing susah
Sun Jul 30 15:22:42 +0000 2023,betmut bgt kalah mulu maen cocoki,0,3,0,0,betmut kalah main
Sun Jul 30 15:22:20 +0000 2023,@ahyeoncakes cocoki jg yhhğŸ˜”,0,1,0,0,yhh
Sun Jul 30 15:21:57 +0000 2023,Wonwoo coba lu main shopee cocoki deh bisa gak? Wkwk gw belom pernah menang anjirğŸ˜­ğŸ˜­,0,2,0,0,wonwoo coba main menang
Sun Jul 30 15:21:54 +0000 2023,@noeyhaj gue tiap hari bete gegara cocokiğŸ˜­,0,1,0,0,bosan gara-gara
Sun Jul 30 15:21:31 +0000 2023,@ssecretroom kalo menang cocokiğŸ™ğŸ»ğŸ™ğŸ»ğŸ™ğŸ»,0,1,0,0,menang
Sun Jul 30 15:20:49 +0000 2023,aku udah nyerah main sopi cocoki MALAS,0,1,0,0,nyerah main malas
Sun Jul 30 15:20:03 +0000 2023,cocoki asu lah,0,0,0,0,asu
Sun Jul 30 15:19:57 +0000 2023,impianku saat ini cm pgn bisa menang shopi cocoki,0,1,0,0,impianku menang
Sun Jul 30 15:19:36 +0000 2023,"dari kemarin tiap mau selesai cocoki gw rekamin ujung ujungnya kalah mulu kambingggg, game aneh game benda2nya bersembunyi ğŸ–•ğŸ»ğŸ–•ğŸ»ğŸ–•ğŸ»ğŸ–•ğŸ»ğŸ–•ğŸ»ğŸ–•ğŸ»ğŸ–•ğŸ»ğŸ–•ğŸ»",0,1,0,0,kemarin selesai rekamin ujungnya kalah kambing permainan aneh permainan bendanya bersembunyi
Sun Jul 30 15:19:22 +0000 2023,dahi nya sampe berkerutÂ² main cocoki wkwk @philovphobia,0,1,0,0,dahi berkerut main
Sun Jul 30 15:19:14 +0000 2023,@discountfess Nder kok u ga stress si maen cocoki ğŸ˜­,0,0,0,0,brother stre main
Sun Jul 30 15:18:58 +0000 2023,stlah bertapa dg cocoki semingguanâ˜ºï¸ https://t.co/K5ZhVzS88G,0,0,0,0,stlah bertapa semingguan
Sun Jul 30 15:18:36 +0000 2023,"Cape bgt w main cocoki g menang ğŸ˜­ https://t.co/nGGyf5BJvm""",0,0,0,0,capek main menang
Sun Jul 30 15:17:59 +0000 2023,"gue penasaran bgt smpe instal lg shopee, demi ingin memecahkan game cocoki itu, tp ttep kga bisa anj",0,0,0,0,penasaran instal memecahkan permainan kga anjing
Sun Jul 30 15:17:56 +0000 2023,@kaptenAmercia PLISSS KEJER KOIN 10K COCOKI SEENGANYA SEKALI SEUMUR HIDUP MESTI NAMATIN COCOKI TERUS UPLOAD TIKTOK PAKE SOUND WAR IS OVER ATAU GA LAST CHAPTER,0,0,0,0,kejer koin seenganya seumur hidup mesti namatin upload tiktok pakai sound war is over last chapter
Sun Jul 30 15:17:12 +0000 2023,YG NGIDE BUAT GAME SHOPEE COCOKI SIAPA SI ANJENGGGG,0,0,0,0,ngide permainan anjeng
Sun Jul 30 15:16:56 +0000 2023,aku mau coba main shopee coki coki alias cocoki,0,1,0,0,coba main coki coki
Sun Jul 30 15:16:54 +0000 2023,"@convomf Hore menang, seharian main shopee cocoki dr pagi smp malem gatot terus smp barusan",0,0,0,0,hore menang seharian main pagi malam gatot barusan
Sun Jul 30 15:16:34 +0000 2023,ak mw main cocoki lg,0,0,0,0,main
Sun Jul 30 15:16:24 +0000 2023,Yaa Allah pada spam cocoki di akun shopee gue ğŸ˜­ https://t.co/Nixuw4YXoE,0,0,0,0,spam akun
Sun Jul 30 15:15:56 +0000 2023,"Biasanya selesai gak selesai maen hp jam 10 dah harus tidur, tapi gara2 maen syopi cocoki emosi gak menang2 sampe skrng ğŸ˜«ğŸ˜«",0,1,0,2,selesai selesai main handphone jam tidur gara main emosi menang
Sun Jul 30 15:15:26 +0000 2023,"Sakit kepala obatnya apa? Btul, cocoki shopee level 3",0,0,0,0,sakit kepala obatnya level
Sun Jul 30 15:15:08 +0000 2023,"Definisi Never Give Up ğŸ’ª Selalu menang di akhir2 malam ğŸ§˜â€â™€ï¸ main 10x menang 9x.lumayan lah Yg lain udah menang 13x ğŸ‘ Semoga ini games ada terus,wolopun bikin gangguan mental ğŸ¤£ğŸ˜…  Cocoki shopee https://t.co/oMJ1OP6wsZ",0,0,0,0,definisi never give up menang malam main menang lumayan menang semoga games wolopun gangguan mental
Sun Jul 30 15:14:53 +0000 2023,sakit kepalaku main cocoki kagak menang terus,0,0,0,0,sakit kepalaku main menang
Sun Jul 30 15:14:48 +0000 2023,@discountfess IYAKAN EMG TAI NI COCOKI,0,0,0,0,iyakan tahi
Sun Jul 30 15:14:42 +0000 2023,Main cocoki bikin mata burem anjir,0,2,0,0,main mata buram
Sun Jul 30 15:14:28 +0000 2023,kapan aku bisa menang cocoki,0,0,0,0,menang
Sun Jul 30 15:14:08 +0000 2023,makin stress maen sopi cocoki,0,0,0,0,stre main
Sun Jul 30 15:13:07 +0000 2023,stress main cocoki,0,0,0,0,stre main
Sun Jul 30 15:12:53 +0000 2023,siapa yang udah pernah menang cocoki?,0,2,0,0,menang
Sun Jul 30 15:12:38 +0000 2023,Akhirnya bisa ngerasain menang di shopee cocoki setelah beberapa hari nyoba gak pernahh menang ğŸ˜­ https://t.co/BKti2YBX4D,0,0,0,0,merasai menang mencoba pernahh menang
Sun Jul 30 15:12:24 +0000 2023,@mengwonnu gabisa pls aku orgnya emosian ğŸ˜­ ada tutor ngga kak supaya cepet selesai? asli cape banget dari kmrin main cocoki ga prnah menang ğŸ˜”,0,1,0,0,orgnya emosian tutor cepat selesai asli capek kemarin main menang
Sun Jul 30 15:12:23 +0000 2023,fomo pada main sopi cocoki tp jdnya gue pusing,0,1,0,0,fomo main jdnya pusing
Sun Jul 30 15:11:59 +0000 2023,"klo gua g bles chat lu GUA GA GHOSTING, GUA LG KEASIKAN MAIN COCOKI",0,1,0,0,kalo bles chat ghosting keasikan main
Sun Jul 30 15:11:56 +0000 2023,AK SDH MUAK SMA GAME COCOKIğŸ˜¡,0,0,0,0,muak permainan
Sun Jul 30 15:11:45 +0000 2023,@sagrltarius hehe gem ku cuma gem shopee yg cocoki (?) itu ğŸ˜¬ğŸ˜¬,0,0,0,0,he gem gem
Sun Jul 30 15:11:18 +0000 2023,main cocoki sampai emosi.,0,1,0,0,main emosi
Sun Jul 30 15:11:16 +0000 2023,@discountfess Main cocoki bkin pusing wkwkw @AminSyarifudin malah dartingğŸ¤£ğŸ¤£ğŸ¤£,0,1,0,0,main bikin pusing wkwkw darting
Sun Jul 30 15:11:06 +0000 2023,"2x menang shopee cocoki, bukan tentang 10k koin tapi tentang emosi yg membludak karna ni gameeğŸ˜¡ğŸ‘ https://t.co/8IJD3j8GVU",0,0,0,1,menang koin emosi membludak gamee
Sun Jul 30 15:10:40 +0000 2023,orang orang main cocoki bisa sampe 90rb njr gua mentok' 10 doang,0,2,0,0,orang orang main ribu njr mentok
Sun Jul 30 15:10:32 +0000 2023,main cocoki bentar baru tidur,0,0,0,0,main sebentar tidur
Sun Jul 30 15:09:38 +0000 2023,shopee cocoki pukiii,0,0,0,0,puki
Sun Jul 30 15:09:27 +0000 2023,mks y cocoki https://t.co/7EUPU77DvX,0,0,0,0,mks
Sun Jul 30 15:09:16 +0000 2023,main sh*pee cocoki lv 3 gak bisa2 sampe kebawa mimpiğŸ˜­,0,0,0,0,main sh pee lv terbawa mimpi
Sun Jul 30 15:08:52 +0000 2023,capek banget main shopee cocoki dr sore ga menang2 ğŸ˜­ğŸ˜­ğŸ˜­ğŸ˜­ğŸ˜­ğŸ˜­,0,0,0,0,cape main sore menang
Sun Jul 30 15:08:15 +0000 2023,/wal main cocoki sampai tegaring garing ğŸ˜”ğŸ˜” https://t.co/WReMER4ew9,1,39,0,4,wal main tegaring garing
Sun Jul 30 15:07:43 +0000 2023,Emang aku se ngga deserve itu yah buat menang shopee cocokiğŸ˜” @ShopeeID,0,2,0,0,deserve menang
Sun Jul 30 15:07:43 +0000 2023,@vnersace Cocoki yang salah.,0,1,0,0,salah
Sun Jul 30 15:07:35 +0000 2023,@noeyhaj Pasti cocoki yh,0,1,0,0,
Sun Jul 30 15:07:34 +0000 2023,Cocoki anying emosi bgt,0,0,0,0,anying emosi
Sun Jul 30 15:07:22 +0000 2023,Sebelum tidur saatnya main shopee cocoki,0,0,0,0,tidur main
Sun Jul 30 15:06:53 +0000 2023,ada ga sih joki main shopee cocoki ğŸ˜­ kesel banget ga menangÂ² udah hari kelima ini anjeengg,0,0,0,1,joki main kesal menang anjeengg
Sun Jul 30 15:06:06 +0000 2023,Gw mau main cocoki lg wml,0,0,0,0,main wml
Sun Jul 30 15:06:04 +0000 2023,cocoki bikin stress,0,1,0,1,stre
Sun Jul 30 15:05:13 +0000 2023,Pengen main cocoki lagi tapi udah menang :(,0,0,0,0,main menang
Sun Jul 30 15:04:36 +0000 2023,@discountfess Gw stress anjir main cocoki gak menang menang,0,0,0,0,stre main menang menang
Sun Jul 30 15:04:32 +0000 2023,Aku gak pulang kalo gak menang cocoki....   Diusir sih akuu ğŸ˜­ gak menang2,0,0,0,0,pulang menang diusir menang
Sun Jul 30 15:04:28 +0000 2023,"Bagi tips biar menang main Shopee cocoki dong guys, kese bnget gk menang ğŸ˜­ğŸ˜­""",0,0,0,0,tips menang main teman-teman kese menang
Sun Jul 30 15:04:23 +0000 2023,Main cocoki nyerah gk bisa mulu,0,1,0,0,main nyerah
Sun Jul 30 15:04:22 +0000 2023,@satan_wings @discountfess udah ah aku phobia cocoki,0,0,0,0,ah phobia
Sun Jul 30 15:04:00 +0000 2023,cocoki membuat batreku boros,0,0,0,0,batreku boros
Sun Jul 30 15:03:31 +0000 2023,"kok orang bisa menang terus sih main cocoki""",0,0,0,0,orang menang main
Sun Jul 30 15:03:19 +0000 2023,@currentmoan @tanyakanrl Lah aku andro main cocoki juga panas kok ğŸ˜­,0,1,0,0,andro main panas
Sun Jul 30 15:03:09 +0000 2023,joki syopi cocoki bisa ga yh?ğŸ˜ğŸ˜â˜ğŸ»,0,0,0,0,joki
Sun Jul 30 15:03:05 +0000 2023,"Sopi cocoki anjirrrr, ah gue kesel banget mainnya ğŸ˜­ğŸ˜­",0,0,0,0,ah kesal mainnya
Sun Jul 30 15:02:30 +0000 2023,kpan yah menang cocoki,0,2,0,0,menang
Sun Jul 30 15:02:27 +0000 2023,"30 Juli 2023 â€¢ Banyak percobaan: 5-6x â€¢ Durasi bermain: Ga inget, tapi pagi main berkali2 ga menang. Pas sore, main 1x langsung menang ğŸ˜­ â€¢ Tingkat kesulitan: lebih gampang dari yg tgl 29, soalnya masih bisa dimenangin.  Mulai tweet ini pic 2 isinya pola cocoki hari itu. https://t.co/H2fWhi1uRu",0,1,0,0,juli percobaan durasi bermain pagi main berkali menang sore main langsung menang tingkat kesulitan gampang tanggal dimenangin tweet picture isinya pola
Sun Jul 30 15:02:16 +0000 2023,Yg main Shopee cocoki terus menang kasih tips dong aku main kalah mulu ğŸ˜­ğŸ˜­,1,1,0,0,main menang kasih tips main kalah
Sun Jul 30 15:01:53 +0000 2023,@calypsourz mabar cocoki,0,0,0,0,mabar
Sun Jul 30 15:00:49 +0000 2023,"@formkhcn @discountfess Masuk ke shopee games trus geser ke banner ke dua, itu cocoki, tetep ga ada kah?",0,0,0,0,masuk games geser banner
Sun Jul 30 15:00:14 +0000 2023,AKU HAMPIR MENANG GAME SHOPEE COCOKI ANJIRRRğŸ…°ï¸ğŸ…°ï¸ğŸ…°ï¸ğŸ…°ï¸ğŸ…°ï¸ğŸ…°ï¸ FRUSTASI MAININ ITU,0,0,0,0,menang permainan frustasi mainin
Sun Jul 30 14:59:00 +0000 2023,"@convomfs Ngha, shopee cocoki ku udah coba berpuluh puluh kali tp selalu gahal",0,0,0,0,ngha coba berpuluh puluh gahal
Sun Jul 30 14:58:35 +0000 2023,main shopee cocoki sampe eneg anjr,0,0,0,0,main eneg anjr
Sun Jul 30 14:58:31 +0000 2023,saya putuskan untuk pensiun sementara dari shopee cocoki karena udah 3 hari lose streak ğŸ¥²,0,1,0,0,putuskan pensiun lose streak
Sun Jul 30 14:58:27 +0000 2023,mau tidur malah keingeT UDAH MAIN COCOKI 5 HARI BELOM MENANG JG,0,0,0,0,tidur main menang
